;;COMMERCIAL;;;;INDUSTRIAL;;;
;;Revenues;Sales;Customers;Price;Revenues;Sales;Customers;Price
Year;STATE;Thousand Dollars;Megawatthours;Count;Cents/kWh;Thousand Dollars;Megawatthours;Count;Cents/kWh
2024;AK;561.566;2.603.674;57.009;21,57;264.999;1.372.235;1.191;19,31
2024;AL;3.118.220;22.861.620;389.925;13,64;2.303.895;31.762.241;7.246;7,25
2024;AR;1.206.780;11.789.053;207.035;10,24;1.290.759;19.525.858;36.772;6,61
2024;AZ;4.415.075;36.100.156;348.423;12,23;1.129.681;14.297.880;7.555;7,90
2024;CA;29.399.925;115.125.595;1.777.305;25,54;9.477.808;44.025.912;146.327;21,53
2024;CO;2.479.641;21.171.639;405.693;11,71;1.283.984;14.891.887;14.750;8,62
2024;CT;2.473.628;11.662.707;156.818;21,21;437.595;2.555.605;3.864;17,12
2024;DC;1.227.670;7.193.294;27.521;17,07;20.255;187.468;1;10,80
2024;DE;522.352;4.282.220;60.653;12,20;162.761;1.917.182;1.169;8,49
2024;FL;10.903.073;99.197.472;1.309.027;10,99;1.483.603;17.457.348;26.610;8,50
2024;GA;5.994.967;55.172.683;619.171;10,87;2.352.084;32.616.660;24.336;7,21
2024;HI;1.080.617;2.830.166;59.655;38,18;1.184.407;3.470.374;821;34,13
2024;IA;1.309.887;12.814.989;251.716;10,22;1.881.132;27.646.583;9.477;6,80
2024;ID;638.525;6.963.670;123.982;9,17;736.518;9.573.616;29.658;7,69
2024;IL;5.344.924;45.240.214;638.510;11,81;3.767.818;42.693.932;5.686;8,83
2024;IN;2.944.084;23.663.900;374.858;12,44;3.461.231;42.489.190;19.345;8,15
2024;KS;1.767.254;15.790.720;245.169;11,19;898.942;11.627.501;23.963;7,73
2024;KY;2.335.162;20.314.415;327.448;11,50;1.819.860;28.005.747;4.846;6,50
2024;LA;2.473.116;23.651.891;301.288;10,46;2.286.240;40.720.072;18.203;5,61
2024;MA;4.908.122;23.489.390;438.014;20,90;1.026.914;5.645.295;10.353;18,19
2024;MD;3.600.554;27.773.337;261.469;12,96;350.493;3.502.025;9.286;10,01
2024;ME;750.189;4.117.961;111.084;18,22;289.438;2.322.138;1.925;12,46
2024;MI;5.209.956;37.190.845;564.574;14,01;2.336.236;28.289.760;5.762;8,26
2024;MN;2.729.308;22.468.437;308.460;12,15;1.831.204;20.015.581;9.410;9,15
2024;MO;3.034.339;29.569.769;403.957;10,26;1.019.598;12.953.946;9.443;7,87
2024;MS;1.746.176;14.172.165;246.813;12,32;1.084.653;15.919.246;12.415;6,81
2024;MT;597.479;5.034.278;123.483;11,87;366.589;4.832.494;11.624;7,59
2024;NC;5.229.699;49.524.269;751.027;10,56;1.990.135;25.622.927;8.930;7,77
2024;ND;812.797;11.309.334;77.191;7,19;981.888;13.549.609;10.864;7,25
2024;NE;1.081.451;12.885.125;161.501;8,39;912.995;11.914.906;64.672;7,66
2024;NH;796.349;4.105.167;112.277;19,40;317.952;1.961.351;3.116;16,21
2024;NJ;5.431.275;37.086.504;540.221;14,64;757.878;6.351.180;11.251;11,93
2024;NM;1.011.137;9.592.789;148.104;10,54;725.316;13.355.945;9.256;5,43
2024;NV;1.453.207;14.259.288;177.740;10,19;1.016.117;11.766.220;4.786;8,64
2024;NY;13.337.112;71.053.178;1.163.769;18,77;1.450.058;15.804.738;16.605;9,17
2024;OH;5.418.173;50.813.610;627.393;10,66;3.596.997;50.687.764;18.237;7,10
2024;OK;2.267.616;25.412.391;298.476;8,92;1.305.145;22.343.103;20.002;5,84
2024;OR;2.494.169;24.662.444;247.412;10,11;1.226.001;15.228.350;26.616;8,05
2024;PA;4.252.003;38.548.336;740.697;11,03;3.840.646;48.830.820;12.961;7,87
2024;RI;773.340;3.666.320;62.629;21,09;121.071;614.681;1.649;19,70
2024;SC;2.797.768;26.306.224;413.387;10,64;1.718.300;25.110.388;3.604;6,84
2024;SD;539.258;5.111.478;78.291;10,55;277.782;3.355.659;4.317;8,28
2024;TN;4.338.477;35.996.043;542.965;12,05;1.436.732;23.138.889;1.006;6,21
2024;TX;14.046.066;164.232.987;1.557.087;8,55;10.782.108;176.135.056;376.098;6,12
2024;UT;1.326.484;14.128.942;145.854;9,39;681.891;8.680.830;10.805;7,86
2024;VA;6.865.114;78.710.662;445.756;8,72;1.238.977;13.775.530;3.794;8,99
2024;VT;368.759;1.952.123;64.308;18,89;147.815;1.276.669;243;11,58
2024;WA;3.307.355;33.101.746;405.313;9,99;1.200.155;18.159.320;26.385;6,61
2024;WI;2.943.282;23.296.259;369.433;12,63;1.961.925;22.977.299;5.739;8,54
2024;WV;890.697;7.665.085;152.012;11,62;1.144.146;14.650.982;11.005;7,81
2024;WY;489.048;5.274.652;58.983;9,27;714.083;8.974.198;11.995;7,96
2024;US;185.043.226;1.450.941.216;19.480.886;12,75;84.094.810;1.034.584.190;1.115.974;8,13
